{"360p_gmat1_1":1,"360p_gmat2_1":0,"360p_gmat4_1_1":14,"360p_gmat4_3":51,"360p_gmat4_4":67,"360p_gmat5_1":100,"360p_gmat5_2_1":4,"720p_gre_1_1":0,"720p_gre_1_4":0,"720p_gre_7_1":0,"Lesson_01-1_Int":0,"Lesson_01-1_Intro":14,"Lesson_01-2_Fractions_Introduction":3,"Lesson_01-3_Fractions_Drills_and_Operations":97,"Lesson_01-4_Pri":100,"Lesson_01-4_Prime_Numbers_and_Factorization":100,"Lesson_01-5_Per":0,"Lesson_04-1_Basic_Equations":33,"Lesson_04-3_Advanced_Equations_and_Functions":1,"Lesson_05-2_TAC_Strategy_and_Examples_1-6":8,"Lesson_08-2_Conflicting_Viewpoints":23,"Lesson_09-3_Probability_and_Arrangements":79,"gmat10_1_1":75,"gmat10_2_1":58,"gmat10_3_2":1,"gmat11_1":100,"gmat11_2":66,"gmat11_3_1":99,"gmat11_3_2":79,"gmat11_3_3":82,"gmat12_1_1":100,"gmat12_2_1":0,"gmat12_4":100,"gmat1_1":100,"gmat1_2":100,"gmat1_3_1":100,"gmat1_3_2":100,"gmat1_3_3":100,"gmat1_4":100,"gmat1_5":100,"gmat1_6":100,"gmat2_1":100,"gmat2_2_1":100,"gmat2_2_2":100,"gmat2_3":100,"gmat2_4":100,"gmat2_5":100,"gmat3_1":100,"gmat3_2":100,"gmat3_3":100,"gmat3_4":82,"gmat3_5_1":79,"gmat3_5_2":74,"gmat4_1_1":100,"gmat4_1_2":100,"gmat4_2_1":85,"gmat4_2_2":51,"gmat4_3":32,"gmat4_4":67,"gmat4_5":100,"gmat5_1":59,"gmat5_2_1":83,"gmat5_2_2":67,"gmat5_2_3":92,"gmat5_3":100,"gmat6_1":100,"gmat6_2":100,"gmat6_3":100,"gmat6_4":100,"gmat6_5":100,"gmat6_6":100,"gmat7_1":90,"gmat7_2":100,"gmat7_3":34,"gmat7_3,":10,"gmat7_4_1":34,"gmat8_1":100,"gmat8_2_1":1,"gmat8_3":82,"gmat8_4_1":69,"gmat9_1_2":100,"gmat9_2_1":100,"gmat9_2_2":90,"gre_10_1":100,"gre_10_10":100,"gre_10_11":100,"gre_10_12":100,"gre_10_13":64,"gre_10_2":100,"gre_10_3":100,"gre_10_4":100,"gre_10_5":100,"gre_10_6":100,"gre_10_7":100,"gre_10_8":100,"gre_10_9":100,"gre_1_1":1.3035370244057238,"gre_1_2":100,"gre_1_3":100,"gre_1_4":100,"gre_1_5":100,"gre_1_6":9,"gre_1_6_0":97,"gre_1_6_1":100,"gre_1_7":4,"gre_2_1":100,"gre_2_3":92,"gre_2_4":100,"gre_2_5":0.8784518037434291,"gre_2_6":100,"gre_2_6_0":0.8965095264470396,"gre_2_6_1":29.908367116002093,"gre_2_7":100,"gre_2_8":2,"gre_3_1":100,"gre_3_14":100,"gre_3_2":100,"gre_3_3":100,"gre_3_4":100,"gre_3_5":100,"gre_3_6":100,"gre_3_7":100,"gre_3_8":100,"gre_3_9":100,"gre_4_1":100,"gre_4_10":100,"gre_4_11":100,"gre_4_12":100,"gre_4_13":100,"gre_4_14":100,"gre_4_15":100,"gre_4_16":100,"gre_4_17":100,"gre_4_18":100,"gre_4_19":100,"gre_4_2":100,"gre_4_3":100,"gre_4_4":100,"gre_4_5":100,"gre_4_6":100,"gre_4_7":100,"gre_4_8":100,"gre_4_9":100,"gre_5_8":98,"gre_6_2":12,"gre_6_6":44,"gre_6_7_1":14,"gre_7_1":17,"gre_7_2":10,"gre_7_5":78.21105359037894,"gre_7_6":2,"gre_7_9":10,"gre_8_3":100,"gre_8_5":81,"gre_8_6":16,"gre_8_8":1,"gre_8_9":100,"gre_9_10":0,"gre_9_4":30,"gre_9_9":100,"gre_intro":73.83582565104719,"sat01_1":3,"sat01_2":0,"sat01_3":0,"sat01_4":0,"sat02_1":2,"sat34_1":100,"sat34_2":0,"sat34_3":100,"sat35_1":0,"sat41":0,"sat42_1":0,"sat42_2":0,"sat_1_1":11,"sat_1_3":8,"sat_4_4":77,"sat_4_8":97,"sat_9_3":37,"sat_9_4":1,"sid":913969768632}